down,keyCode,hours,minutes,seconds,milliseconds
true,ShiftRight,15,41,46,325
true,KeyI,15,41,46,728
false,KeyI,15,41,46,810
false,ShiftRight,15,41,46,851
true,KeyN,15,41,47,43
false,KeyN,15,41,47,114
true,Space,15,41,47,232
false,Space,15,41,47,298
true,KeyA,15,41,47,383
false,KeyA,15,41,47,492
true,KeyD,15,41,47,632
false,KeyD,15,41,47,713
true,KeyD,15,41,47,865
false,KeyD,15,41,47,952
true,KeyI,15,41,48,603
false,KeyI,15,41,48,685
true,KeyT,15,41,49,21
false,KeyT,15,41,49,83
true,KeyI,15,41,49,128
false,KeyI,15,41,49,203
true,KeyO,15,41,49,352
false,KeyO,15,41,49,416
true,KeyN,15,41,49,631
false,KeyN,15,41,49,701
true,Space,15,41,50,232
false,Space,15,41,50,290
true,Backspace,15,41,51,175
false,Backspace,15,41,51,228
true,Comma,15,41,51,483
false,Comma,15,41,51,552
true,Space,15,41,51,684
false,Space,15,41,51,741
true,ShiftRight,15,41,52,657
true,KeyI,15,41,52,992
false,KeyI,15,41,53,83
false,ShiftRight,15,41,53,175
true,Space,15,41,53,329
false,Space,15,41,53,388
true,KeyH,15,41,53,589
false,KeyH,15,41,53,662
true,KeyE,15,41,53,765
false,KeyE,15,41,53,834
true,KeyR,15,41,53,934
false,KeyR,15,41,53,990
true,KeyE,15,41,54,84
false,KeyE,15,41,54,159
true,KeyB,15,41,54,181
false,KeyB,15,41,54,238
true,KeyY,15,41,54,374
false,KeyY,15,41,54,439
true,Space,15,41,55,212
false,Space,15,41,55,275
true,KeyA,15,41,55,476
false,KeyA,15,41,55,578
true,KeyC,15,41,55,967
false,KeyC,15,41,56,37
true,KeyK,15,41,56,207
false,KeyK,15,41,56,277
true,KeyN,15,41,56,457
false,KeyN,15,41,56,517
true,KeyO,15,41,56,779
false,KeyO,15,41,56,842
true,KeyW,15,41,57,98
false,KeyW,15,41,57,172
true,KeyL,15,41,57,380
false,KeyL,15,41,57,448
true,KeyE,15,41,57,669
false,KeyE,15,41,57,738
true,KeyD,15,41,57,869
false,KeyD,15,41,57,938
true,KeyG,15,41,58,77
false,KeyG,15,41,58,138
true,KeyE,15,41,58,195
false,KeyE,15,41,58,244
true,Space,15,41,59,302
false,Space,15,41,59,358
true,KeyT,15,41,59,724
false,KeyT,15,41,59,790
true,KeyH,15,41,59,904
false,KeyH,15,41,59,972
true,KeyA,15,42,0,34
false,KeyA,15,42,0,105
true,KeyT,15,42,0,292
false,KeyT,15,42,0,350
true,Space,15,42,0,432
false,Space,15,42,0,480
true,ShiftRight,15,42,0,744
true,KeyI,15,42,1,53
false,KeyI,15,42,1,162
false,ShiftRight,15,42,1,490
true,Space,15,42,1,674
false,Space,15,42,1,744
true,KeyH,15,42,2,669
false,KeyH,15,42,2,735
true,KeyA,15,42,2,828
false,KeyA,15,42,2,914
true,KeyV,15,42,2,936
false,KeyV,15,42,3,6
true,KeyE,15,42,3,29
false,KeyE,15,42,3,103
true,Space,15,42,3,389
false,Space,15,42,3,449
true,KeyR,15,42,3,575
false,KeyR,15,42,3,639
true,KeyE,15,42,3,736
false,KeyE,15,42,3,802
true,KeyA,15,42,3,867
false,KeyA,15,42,3,965
true,KeyD,15,42,4,52
false,KeyD,15,42,4,123
true,Space,15,42,4,830
false,Space,15,42,4,900
true,KeyA,15,42,5,182
false,KeyA,15,42,5,277
true,KeyN,15,42,5,513
false,KeyN,15,42,5,571
true,KeyD,15,42,5,620
false,KeyD,15,42,5,695
true,Space,15,42,5,730
false,Space,15,42,5,788
true,KeyU,15,42,6,118
false,KeyU,15,42,6,177
true,KeyN,15,42,6,311
false,KeyN,15,42,6,367
true,KeyD,15,42,6,425
false,KeyD,15,42,6,496
true,KeyE,15,42,6,598
false,KeyE,15,42,6,651
true,KeyR,15,42,6,751
false,KeyR,15,42,6,813
true,KeyS,15,42,6,915
false,KeyS,15,42,6,999
true,KeyT,15,42,7,130
false,KeyT,15,42,7,190
true,KeyO,15,42,7,304
false,KeyO,15,42,7,356
true,KeyO,15,42,7,446
false,KeyO,15,42,7,507
true,KeyD,15,42,7,546
false,KeyD,15,42,7,626
true,Space,15,42,8,580
false,Space,15,42,8,643
true,KeyA,15,42,8,716
false,KeyA,15,42,8,807
true,KeyN,15,42,8,945
false,KeyN,15,42,9,1
true,KeyD,15,42,9,47
false,KeyD,15,42,9,121
true,Space,15,42,9,151
false,Space,15,42,9,217
true,KeyA,15,42,9,261
false,KeyA,15,42,9,330
true,KeyG,15,42,9,475
false,KeyG,15,42,9,544
true,KeyR,15,42,9,661
false,KeyR,15,42,9,729
true,KeyE,15,42,9,841
false,KeyE,15,42,9,898
true,KeyE,15,42,9,963
false,KeyE,15,42,10,32
true,Space,15,42,11,88
false,Space,15,42,11,142
true,KeyT,15,42,11,716
false,KeyT,15,42,11,772
true,KeyO,15,42,11,849
false,KeyO,15,42,11,904
true,Space,15,42,12,54
false,Space,15,42,12,111
true,KeyB,15,42,12,233
false,KeyB,15,42,12,293
true,KeyE,15,42,12,410
false,KeyE,15,42,12,477
true,Space,15,42,12,647
false,Space,15,42,12,710
true,KeyB,15,42,12,961
false,KeyB,15,42,13,12
true,KeyO,15,42,13,73
false,KeyO,15,42,13,134
true,KeyU,15,42,13,298
false,KeyU,15,42,13,357
true,KeyN,15,42,13,507
false,KeyN,15,42,13,568
true,KeyD,15,42,13,638
false,KeyD,15,42,13,701
true,Space,15,42,14,602
false,Space,15,42,14,661
true,KeyB,15,42,14,868
false,KeyB,15,42,14,920
true,KeyY,15,42,15,134
false,KeyY,15,42,15,184
true,Space,15,42,15,358
false,Space,15,42,15,423
true,KeyT,15,42,15,539
false,KeyT,15,42,15,598
true,KeyH,15,42,15,653
false,KeyH,15,42,15,718
true,KeyE,15,42,15,821
false,KeyE,15,42,15,873
true,Space,15,42,16,715
false,Space,15,42,16,775
true,KeyT,15,42,17,10
false,KeyT,15,42,17,66
true,KeyE,15,42,17,216
false,KeyE,15,42,17,273
true,KeyR,15,42,17,367
false,KeyR,15,42,17,425
true,KeyM,15,42,17,500
false,KeyM,15,42,17,557
true,KeyS,15,42,17,639
false,KeyS,15,42,17,703
true,Space,15,42,19,234
false,Space,15,42,19,303
true,KeyA,15,42,19,439
false,KeyA,15,42,19,526
true,KeyN,15,42,19,623
false,KeyN,15,42,19,683
true,KeyD,15,42,19,726
false,KeyD,15,42,19,802
true,Space,15,42,19,879
false,Space,15,42,19,938
true,KeyC,15,42,20,605
false,KeyC,15,42,20,678
true,KeyO,15,42,20,872
false,KeyO,15,42,20,932
true,KeyN,15,42,21,149
false,KeyN,15,42,21,206
true,KeyD,15,42,21,378
false,KeyD,15,42,21,443
true,KeyI,15,42,21,486
false,KeyI,15,42,21,551
true,KeyT,15,42,21,646
false,KeyT,15,42,21,699
true,KeyI,15,42,21,748
false,KeyI,15,42,21,816
true,KeyO,15,42,21,931
false,KeyO,15,42,21,999
true,KeyN,15,42,22,150
false,KeyN,15,42,22,217
true,KeyS,15,42,22,298
false,KeyS,15,42,22,369
true,Space,15,42,23,266
false,Space,15,42,23,343
true,KeyO,15,42,23,923
false,KeyO,15,42,23,984
true,KeyF,15,42,24,63
false,KeyF,15,42,24,135
true,Space,15,42,24,169
false,Space,15,42,24,227
true,KeyT,15,42,24,312
false,KeyT,15,42,24,376
true,KeyH,15,42,24,440
false,KeyH,15,42,24,510
true,KeyE,15,42,24,546
false,KeyE,15,42,24,608
true,Space,15,42,24,642
false,Space,15,42,24,709
true,KeyF,15,42,24,836
false,KeyF,15,42,24,908
true,KeyO,15,42,24,978
false,KeyO,15,42,25,45
true,KeyL,15,42,25,193
false,KeyL,15,42,25,248
true,KeyL,15,42,25,324
false,KeyL,15,42,25,382
true,KeyO,15,42,25,523
false,KeyO,15,42,25,577
true,KeyW,15,42,25,679
false,KeyW,15,42,25,757
true,KeyI,15,42,25,897
false,KeyI,15,42,25,956
true,KeyN,15,42,26,150
false,KeyN,15,42,26,210
true,KeyG,15,42,26,369
false,KeyG,15,42,26,406
true,Space,15,42,27,424
false,Space,15,42,27,484
true,KeyD,15,42,27,845
false,KeyD,15,42,27,921
true,KeyO,15,42,27,985
false,KeyO,15,42,28,45
true,KeyC,15,42,28,131
false,KeyC,15,42,28,193
true,KeyU,15,42,28,241
false,KeyU,15,42,28,297
true,KeyM,15,42,28,466
false,KeyM,15,42,28,528
true,KeyE,15,42,28,570
false,KeyE,15,42,28,631
true,KeyN,15,42,28,681
false,KeyN,15,42,28,737
true,KeyT,15,42,28,784
false,KeyT,15,42,28,836
true,KeyS,15,42,28,989
false,KeyS,15,42,29,65
true,Comma,15,42,30,1
false,Comma,15,42,30,67
true,Space,15,42,30,317
false,Space,15,42,30,374
true,KeyA,15,42,31,306
false,KeyA,15,42,31,423
true,KeyS,15,42,31,617
false,KeyS,15,42,31,699
true,Space,15,42,32,8
false,Space,15,42,32,53
true,KeyT,15,42,32,163
false,KeyT,15,42,32,216
true,KeyH,15,42,32,288
false,KeyH,15,42,32,349
true,KeyE,15,42,32,387
false,KeyE,15,42,32,450
true,KeyY,15,42,32,533
false,KeyY,15,42,32,593
true,Space,15,42,32,921
false,Space,15,42,32,983
true,KeyM,15,42,36,625
false,KeyM,15,42,36,684
true,KeyA,15,42,36,762
false,KeyA,15,42,36,859
true,KeyY,15,42,36,932
false,KeyY,15,42,36,987
true,Space,15,42,37,133
false,Space,15,42,37,204
true,KeyB,15,42,37,309
false,KeyB,15,42,37,370
true,KeyE,15,42,37,434
false,KeyE,15,42,37,517
true,Space,15,42,37,574
false,Space,15,42,37,632
true,KeyA,15,42,37,857
false,KeyA,15,42,37,954
true,KeyM,15,42,38,17
false,KeyM,15,42,38,85
true,KeyE,15,42,38,188
false,KeyE,15,42,38,257
true,KeyN,15,42,38,369
false,KeyN,15,42,38,430
true,KeyD,15,42,38,565
false,KeyD,15,42,38,637
true,KeyE,15,42,38,727
false,KeyE,15,42,38,797
true,KeyD,15,42,38,908
false,KeyD,15,42,38,966
true,Space,15,42,39,864
false,Space,15,42,39,925
true,KeyF,15,42,40,286
false,KeyF,15,42,40,361
true,KeyR,15,42,40,464
false,KeyR,15,42,40,529
true,KeyO,15,42,40,577
false,KeyO,15,42,40,640
true,KeyM,15,42,40,777
false,KeyM,15,42,40,836
true,Space,15,42,40,931
false,Space,15,42,40,997
true,KeyT,15,42,41,66
false,KeyT,15,42,41,135
true,KeyI,15,42,41,171
false,KeyI,15,42,41,229
true,KeyM,15,42,41,363
false,KeyM,15,42,41,418
true,KeyE,15,42,41,446
false,KeyE,15,42,41,514
true,Space,15,42,42,106
false,Space,15,42,42,143
true,KeyT,15,42,42,647
false,KeyT,15,42,42,715
true,KeyO,15,42,42,814
false,KeyO,15,42,42,871
true,Space,15,42,43,14
false,Space,15,42,43,80
true,KeyT,15,42,43,168
false,KeyT,15,42,43,223
true,KeyI,15,42,43,247
false,KeyI,15,42,43,301
true,KeyM,15,42,43,467
false,KeyM,15,42,43,524
true,KeyE,15,42,43,614
false,KeyE,15,42,43,685
true,Comma,15,42,45,415
false,Comma,15,42,45,473
true,Space,15,42,46,290
false,Space,15,42,46,352
true,KeyW,15,42,46,955
false,KeyW,15,42,47,31
true,KeyH,15,42,47,242
false,KeyH,15,42,47,299
true,KeyI,15,42,47,920
false,KeyI,15,42,47,986
true,KeyC,15,42,48,71
false,KeyC,15,42,48,143
true,KeyH,15,42,48,244
false,KeyH,15,42,48,312
true,Space,15,42,48,774
false,Space,15,42,48,844
true,KeyA,15,42,49,7
false,KeyA,15,42,49,97
true,KeyR,15,42,49,420
false,KeyR,15,42,49,488
true,KeyE,15,42,49,596
false,KeyE,15,42,49,666
true,Space,15,42,49,706
false,Space,15,42,49,771
true,KeyH,15,42,49,913
false,KeyH,15,42,49,979
true,KeyE,15,42,49,996
false,KeyE,15,42,50,73
true,KeyR,15,42,50,163
false,KeyR,15,42,50,225
true,KeyE,15,42,50,321
false,KeyE,15,42,50,374
true,KeyB,15,42,50,413
false,KeyB,15,42,50,475
true,KeyY,15,42,50,666
false,KeyY,15,42,50,723
true,Space,15,42,51,742
false,Space,15,42,51,801
true,KeyI,15,42,52,259
false,KeyI,15,42,52,315
true,KeyN,15,42,52,468
false,KeyN,15,42,52,520
true,KeyC,15,42,52,640
false,KeyC,15,42,52,720
true,KeyO,15,42,52,939
false,KeyO,15,42,52,998
true,KeyR,15,42,53,188
false,KeyR,15,42,53,257
true,KeyP,15,42,53,456
false,KeyP,15,42,53,512
true,KeyO,15,42,53,656
false,KeyO,15,42,53,719
true,KeyR,15,42,53,816
false,KeyR,15,42,53,888
true,KeyA,15,42,53,977
false,KeyA,15,42,54,59
true,KeyT,15,42,54,203
false,KeyT,15,42,54,258
true,KeyE,15,42,54,383
false,KeyE,15,42,54,449
true,KeyD,15,42,54,562
false,KeyD,15,42,54,621
true,Space,15,42,55,562
false,Space,15,42,55,622
true,KeyA,15,42,55,734
false,KeyA,15,42,55,829
true,KeyN,15,42,55,883
false,KeyN,15,42,55,943
true,KeyD,15,42,56,1
false,KeyD,15,42,56,76
true,Space,15,42,56,116
false,Space,15,42,56,187
true,KeyM,15,42,56,313
false,KeyM,15,42,56,373
true,KeyA,15,42,56,444
false,KeyA,15,42,56,531
true,KeyD,15,42,56,814
false,KeyD,15,42,56,886
true,KeyE,15,42,56,979
false,KeyE,15,42,57,47
true,Space,15,42,57,105
false,Space,15,42,57,167
true,KeyA,15,42,57,249
false,KeyA,15,42,57,317
true,KeyN,15,42,57,352
false,KeyN,15,42,57,397
true,Space,15,42,57,515
false,Space,15,42,57,574
true,KeyI,15,42,57,979
false,KeyI,15,42,58,34
true,KeyN,15,42,58,203
false,KeyN,15,42,58,258
true,KeyT,15,42,58,328
false,KeyT,15,42,58,384
true,KeyE,15,42,58,504
false,KeyE,15,42,58,576
true,KeyG,15,42,58,623
false,KeyG,15,42,58,690
true,KeyR,15,42,58,707
false,KeyR,15,42,58,773
true,KeyA,15,42,58,868
false,KeyA,15,42,58,955
true,KeyL,15,42,59,664
false,KeyL,15,42,59,727
true,Space,15,42,59,863
false,Space,15,42,59,919
true,KeyP,15,43,0,99
false,KeyP,15,43,0,162
true,KeyA,15,43,0,295
false,KeyA,15,43,0,381
true,KeyR,15,43,0,510
false,KeyR,15,43,0,573
true,KeyT,15,43,0,687
false,KeyT,15,43,0,750
true,Space,15,43,1,165
false,Space,15,43,1,235
true,KeyO,15,43,2,37
false,KeyO,15,43,2,102
true,KeyF,15,43,2,233
false,KeyF,15,43,2,303
true,Space,15,43,2,361
false,Space,15,43,2,432
true,KeyT,15,43,2,508
false,KeyT,15,43,2,573
true,KeyH,15,43,2,612
false,KeyH,15,43,2,673
true,KeyI,15,43,2,868
false,KeyI,15,43,2,927
true,KeyS,15,43,2,996
false,KeyS,15,43,3,76
true,Space,15,43,3,130
false,Space,15,43,3,189
true,ShiftRight,15,43,3,546
true,KeyA,15,43,3,797
false,KeyA,15,43,3,850
false,ShiftRight,15,43,3,899
true,KeyG,15,43,4,112
false,KeyG,15,43,4,181
true,KeyR,15,43,4,362
false,KeyR,15,43,4,418
true,KeyE,15,43,4,560
false,KeyE,15,43,4,594
true,KeyE,15,43,4,996
false,KeyE,15,43,5,58
true,KeyM,15,43,5,723
false,KeyM,15,43,5,791
true,KeyE,15,43,5,857
false,KeyE,15,43,5,939
true,KeyN,15,43,5,988
false,KeyN,15,43,6,42
true,KeyT,15,43,6,167
false,KeyT,15,43,6,219
true,Period,15,43,7,204
false,Period,15,43,7,248